{"id": 7, "pred": "Low", "label": "Low", "desc": "This node has direct edges to 89 out of the 398 other nodes in the network (degree centrality 0.2236 \u00d7 398 \u2248 89). Its closeness centrality of 0.5328 corresponds to a mean shortest-path distance of 1 / 0.5328 \u2248 1.88 hops to reach any other node in the graph. The betweenness centrality of 0.0087 indicates that this node lies on approximately 0.87% of all shortest paths between every other pair of nodes. The clustering coefficient of 0.3391 reflects that about 33.9% of the node's 89 neighbors are mutually connected, signifying a moderate level of local interconnectivity. The square clustering coefficient of 0.2076 implies that 20.76% of potential four-node cycles (squares) among the node's neighbors are closed, showcasing the extent to which neighbors are connected through paths of length two in addition to direct edges.", "question": "\nQuestion: What is the activity level of this airport? Choose one of: Low, Medium, High, or Very High.\n\nAnswer:"}
{"id": 354, "pred": "Medium", "label": "Low", "desc": "This node has direct edges to 14 out of the 398 other nodes in the network (degree centrality 0.0352 \u00d7 399 \u2248 14). Its closeness centrality of 0.4189 corresponds to a mean shortest-path distance of approximately 2.39 hops to reach any other node in the graph (1 / 0.4189 \u2248 2.39). The betweenness centrality of 0.0013 indicates that this node lies on about 0.13% of all shortest paths between pairs of nodes in the network (0.0013 \u00d7 100 \u2248 0.13%). The clustering coefficient of 0.6154 reveals that approximately 61.54% of the node's 14 neighbors share direct edges with one another, suggesting a relatively cohesive local neighborhood. The square clustering coefficient of 0.2128 indicates that about 21.28% of potential four-node cycles (squares) are formed among the node's neighbors, reflecting the extent to which its neighbors connect via pairs of edges in addition to direct connections.", "question": "\nQuestion: What is the activity level of this airport? Choose one of: Low, Medium, High, or Very High.\n\nAnswer:"}
{"id": 139, "pred": "Medium", "label": "Low", "desc": "This node has direct edges to 53 out of the 398 other nodes in the network (degree centrality 0.1332 \u00d7 398 \u2248 53). Its closeness centrality of 0.5077 corresponds to a mean shortest-path distance of 1 / 0.5077 \u2248 1.97 hops to reach any other node in the graph. The betweenness centrality of 0.0019 indicates that this node lies on approximately 0.19% of all shortest paths between every other pair of nodes. The clustering coefficient of 0.5493 signifies that about 54.9% of the node's 53 neighbors share direct edges with each other, indicating a relatively cohesive local subnet. The square clustering coefficient of 0.2671 reveals that 26.7% of potential four-node cycles (squares) are closed among its neighbors, illustrating the degree to which neighbors are interconnected through two-hop paths as well as direct connections.", "question": "\nQuestion: What is the activity level of this airport? Choose one of: Low, Medium, High, or Very High.\n\nAnswer:"}
{"id": 39, "pred": "Low", "label": "Low", "desc": "This node has direct edges to 97 out of the 398 other nodes in the network (degree centrality 0.2437 \u00d7 398 \u2248 97). Its closeness centrality of 0.5598 corresponds to a mean shortest-path distance of 1 / 0.5598 \u2248 1.79 hops to reach any other node in the graph. The betweenness centrality of 0.0473 indicates that this node lies on approximately 4.73% of all shortest paths between every other pair of nodes. The clustering coefficient of 0.2932 means that about 29.32% of the node's 97 neighbors share direct edges with one another, indicating a moderate level of mutual connectivity among its local neighborhood. The square clustering coefficient of 0.1827 reflects that approximately 18.27% of the potential four-node cycles among the node's neighbors are closed, showing a level of connectivity through paths of length two in addition to direct edges within the local structure.", "question": "\nQuestion: What is the activity level of this airport? Choose one of: Low, Medium, High, or Very High.\n\nAnswer:"}
{"id": 210, "pred": "High", "label": "Very High", "desc": "This node has direct edges to 11 out of the 398 other nodes in the network (degree centrality 0.0276 \u00d7 398 \u2248 11). Its closeness centrality of 0.4350 corresponds to a mean shortest-path distance of 1 / 0.4350 \u2248 2.30 hops to reach any other node in the graph. The betweenness centrality of 0.0000 signifies that this node does not lie on any shortest paths between pairs of nodes; thus, it plays no role as a connector in the network. The clustering coefficient of 0.4727 indicates that approximately 47.3% of the node's 11 neighbors are mutually connected to each other via direct edges. The square clustering coefficient of 0.2861 reveals that about 28.6% of potential four-node cycles (squares) are formed among the node's neighbors, indicating a moderate level of connectivity through two-step relationships among them.", "question": "\nQuestion: What is the activity level of this airport? Choose one of: Low, Medium, High, or Very High.\n\nAnswer:"}
{"id": 104, "pred": "Low", "label": "Low", "desc": "This node has direct edges to 53 out of the 398 other nodes in the network (degree centrality 0.1332 \u00d7 398 \u2248 53). Its closeness centrality of 0.4901 corresponds to a mean shortest-path distance of 1 / 0.4901 \u2248 2.04 hops to reach any other node in the graph. The betweenness centrality of 0.0010 means this node lies on approximately 0.10% of all shortest paths between every other pair of nodes. The clustering coefficient of 0.4093 indicates that about 40.93% of the node's 53 neighbors share a direct edge with one another, forming a moderately connected local neighborhood. The square clustering coefficient of 0.2456 measures the fraction of potential four-node cycles (squares) that are closed among the node's neighbors; here, 24.56% of such cycles are present, reflecting the extent to which neighbors are connected through paths of length two as well as direct edges.", "question": "\nQuestion: What is the activity level of this airport? Choose one of: Low, Medium, High, or Very High.\n\nAnswer:"}
{"id": 110, "pred": "Medium", "label": "Medium", "desc": "This node has direct edges to 45 out of the 398 other nodes in the network (degree centrality 0.1131 \u00d7 398 \u2248 45). Its closeness centrality of 0.4755 corresponds to a mean shortest-path distance of 1 / 0.4755 \u2248 2.1 hops to reach any other node in the graph. The betweenness centrality of 0.0013 indicates that this node lies on approximately 0.13% of all shortest paths between every other pair of nodes in the network. The clustering coefficient of 0.5192 signifies that about 51.9% of the node's 45 neighbors share a direct edge with one another, indicating a moderately dense local connectivity among neighbors. The square clustering coefficient of 0.2406 indicates that 24.1% of potential four-node cycles (squares) among the node's neighbors are closed, demonstrating the connection patterns through paths of length two as well as direct edges among the neighbors.", "question": "\nQuestion: What is the activity level of this airport? Choose one of: Low, Medium, High, or Very High.\n\nAnswer:"}
{"id": 294, "pred": "Very High", "label": "High", "desc": "This node has direct edges to 8 out of the 398 other nodes in the network (degree centrality 0.0201 \u00d7 398 \u2248 8). Its closeness centrality of 0.4321 corresponds to a mean shortest-path distance of 1 / 0.4321 \u2248 2.31 hops to reach any other node in the graph. The betweenness centrality of 0.0000 signifies that this node does not appear on any shortest paths between pairs of nodes, indicating no intermediary role in path connections. The clustering coefficient of 0.5000 indicates that 50% of the node's 8 neighbors share a direct edge with one another, signifying a moderate level of interconnectedness among its immediate neighborhood. The square clustering coefficient of 0.2483 reveals that approximately 24.83% of potential four-node cycles (squares) are closed among the node's neighbors, illustrating the presence of connections that extend beyond direct edges within the local network structure.", "question": "\nQuestion: What is the activity level of this airport? Choose one of: Low, Medium, High, or Very High.\n\nAnswer:"}
{"id": 245, "pred": "High", "label": "High", "desc": "This node has direct edges to 5 out of the 398 other nodes in the network (degree centrality 0.0126 \u00d7 398 \u2248 5). Its closeness centrality of 0.3902 corresponds to a mean shortest-path distance of 1 / 0.3902 \u2248 2.56 hops to reach any other node in the graph. The betweenness centrality of 0.0000 indicates that this node does not lie on any shortest paths between any pairs of nodes, effectively contributing 0% to the total betweenness perspective in the network. The clustering coefficient of 0.8000 signifies that approximately 80% of this node's 5 neighbors share a direct edge with one another, indicating a high level of local interconnectedness. The square clustering coefficient of 0.2736 suggests that about 27.4% of potential four-node cycles (squares) are closed among the node's neighbors, reflecting a certain level of connectivity among its neighbors through paths of length two alongside direct edges.", "question": "\nQuestion: What is the activity level of this airport? Choose one of: Low, Medium, High, or Very High.\n\nAnswer:"}
{"id": 290, "pred": "High", "label": "Medium", "desc": "This node has direct edges to 5 out of the 398 other nodes in the network (degree centrality 0.0126 \u00d7 398 \u2248 5). Its closeness centrality of 0.3887 corresponds to a mean shortest-path distance of 1 / 0.3887 \u2248 2.57 hops to reach any other node in the graph. The betweenness centrality of 0.0020 indicates that this node lies on approximately 0.20% of all shortest paths between every other pair of nodes. The clustering coefficient of 0.6000 suggests that about 60.0% of the node's 5 neighbors share a direct edge with one another, indicating a relatively connected local neighborhood. The square clustering coefficient of 0.0936 measures the fraction of potential four-node cycles (squares) that are closed among the node's neighbors; here, 9.36% of such cycles are present, reflecting a lower extension of connections among neighbors through paths of length two as well as direct edges.", "question": "\nQuestion: What is the activity level of this airport? Choose one of: Low, Medium, High, or Very High.\n\nAnswer:"}
{"id": 378, "pred": "High", "label": "Medium", "desc": "This node has direct edges to 8 out of the 398 other nodes in the network (degree centrality 0.0201 \u00d7 398 \u2248 8). Its closeness centrality of 0.4239 corresponds to a mean shortest-path distance of 1 / 0.4239 \u2248 2.36 hops to reach any other node in the graph. The betweenness centrality of 0.0000 indicates that this node lies on 0% of all shortest paths between every other pair of nodes, signifying it does not act as a connector for pairs of nodes in the network. The clustering coefficient of 0.9643 means that approximately 96.4% of the node's 8 neighbors share a direct edge with one another, indicating a highly interconnected local neighborhood. The square clustering coefficient of 0.3341 shows that 33.4% of potential four-node cycles among the node's neighbors are closed, reflecting the presence of connections through paths of length two as well as direct edges in the local network structure.", "question": "\nQuestion: What is the activity level of this airport? Choose one of: Low, Medium, High, or Very High.\n\nAnswer:"}
{"id": 177, "pred": "Medium", "label": "Medium", "desc": "This node has direct edges to 28 out of the 398 other nodes in the network. Its degree centrality of 0.0704 confirms this count (degree centrality 0.0704 \u00d7 398 \u2248 28). The closeness centrality of 0.4682 corresponds to an average shortest-path length of approximately 2.14 hops to reach any other node in the graph (1 / 0.4682 \u2248 2.14). The betweenness centrality of 0.0003 indicates that this node lies on roughly 0.03% of all shortest paths between every other pair of nodes in the network. The clustering coefficient of 0.3968 implies that about 39.68% of the node's 28 neighbors are interconnected by direct edges, reflecting a moderately dense local neighborhood. The square clustering coefficient of 0.2624 indicates that approximately 26.24% of the potential four-node cycles (squares) formed among the neighbors are closed, which demonstrates the presence of connections among neighbors through paths of length two.", "question": "\nQuestion: What is the activity level of this airport? Choose one of: Low, Medium, High, or Very High.\n\nAnswer:"}
{"id": 42, "pred": "High", "label": "Very High", "desc": "This node has direct edges to 19 out of the 398 other nodes in the network (degree centrality 0.0477 \u00d7 398 \u2248 19). Its closeness centrality of 0.4393 corresponds to a mean shortest-path distance of 1 / 0.4393 \u2248 2.28 hops to reach any other node in the graph. The betweenness centrality of 0.0001 indicates that this node is present on approximately 0.01% of all shortest paths between every other pair of nodes in the network. The clustering coefficient of 0.4854 suggests that about 48.5% of the node's 19 neighbors are connected to each other through direct edges, creating a moderately dense local neighborhood. The square clustering coefficient of 0.2801 reveals that approximately 28.01% of the potential four-node cycles (squares) formed by the node's neighbors are closed, indicating a moderate level of connectivity among neighbors through two-hop paths as well as direct connections.", "question": "\nQuestion: What is the activity level of this airport? Choose one of: Low, Medium, High, or Very High.\n\nAnswer:"}
{"id": 272, "pred": "High", "label": "Medium", "desc": "This node has direct edges to 12 out of the 398 other nodes in the network (degree centrality 0.0302 \u00d7 398 \u2248 12). Its closeness centrality of 0.3992 corresponds to a mean shortest-path distance of 1 / 0.3992 \u2248 2.51 hops to reach any other node in the graph. The betweenness centrality of 0.0000 indicates that this node does not lie on any shortest paths between pairs of nodes, contributing 0% to such paths in the network. The clustering coefficient of 0.7879 suggests that about 78.79% of the node's 12 neighbors are directly connected to each other, indicating a highly interconnected local neighborhood. The square clustering coefficient of 0.2937 reflects that 29.37% of the potential four-node cycles (squares) among the node's neighbors are closed, representing the extent of connectivity among the neighbors through paths of length two along with direct edges.", "question": "\nQuestion: What is the activity level of this airport? Choose one of: Low, Medium, High, or Very High.\n\nAnswer:"}
{"id": 0, "pred": "High", "label": "Medium", "desc": "This node has direct edges to 20 out of the 398 other nodes in the network (degree centrality 0.0503 \u00d7 398 \u2248 20). Its closeness centrality of 0.4477 corresponds to a mean shortest-path distance of 1 / 0.4477 \u2248 2.23 hops to reach any other node in the graph. The betweenness centrality of 0.0000 indicates that this node does not lie on any shortest paths between other pairs of nodes, resulting in 0% of all paths being mediated by this node. The clustering coefficient of 0.7158 signifies that approximately 71.58% of the node's 20 neighbors are directly connected to one another, indicating a highly interconnected local neighborhood. The square clustering coefficient of 0.2839 reflects that about 28.39% of potential four-node cycles (squares) are closed among the node's neighbors, illustrating the prevalence of connections through paths of length two among those neighbors.", "question": "\nQuestion: What is the activity level of this airport? Choose one of: Low, Medium, High, or Very High.\n\nAnswer:"}
{"id": 394, "pred": "Very High", "label": "Medium", "desc": "This node has direct edges to 6 out of the 398 other nodes in the network (degree centrality 0.0151 \u00d7 398 \u2248 6). Its closeness centrality of 0.3635 corresponds to a mean shortest-path distance of 1 / 0.3635 \u2248 2.75 hops to reach any other node in the graph. The betweenness centrality of 0.0050 indicates that this node lies on approximately 0.50% of all shortest paths between every other pair of nodes. The clustering coefficient of 0.3333 means that about 33.33% of the node's 6 neighbors share a direct edge with one another, indicating a moderate level of local connectivity. The square clustering coefficient of 0.1364 reflects that about 13.64% of potential four-node cycles (squares) formed by the node's neighbors are closed, representing the structure of indirect connections through paths of length two amongst the neighbors.", "question": "\nQuestion: What is the activity level of this airport? Choose one of: Low, Medium, High, or Very High.\n\nAnswer:"}
{"id": 380, "pred": "High", "label": "High", "desc": "This node has direct edges to 3 out of the 398 other nodes in the network (degree centrality 0.0075 \u00d7 398 \u2248 3). Its closeness centrality of 0.3853 corresponds to a mean shortest-path distance of 1 / 0.3853 \u2248 2.60 hops to reach any other node in the graph. The betweenness centrality of 0.0000 indicates that this node does not lie on any shortest paths between any pair of nodes within the network, contributing 0% to the overall betweenness. The clustering coefficient of 0.6667 suggests that approximately 66.67% of the node's 3 neighbors share a direct edge with one another, indicating a relatively high density in its local neighborhood. The square clustering coefficient of 0.3842 reflects that 38.42% of potential four-node cycles (squares) are closed among the node's neighbors, demonstrating a significant level of connectivity through paths of length two in addition to direct edges.", "question": "\nQuestion: What is the activity level of this airport? Choose one of: Low, Medium, High, or Very High.\n\nAnswer:"}
{"id": 111, "pred": "Very High", "label": "High", "desc": "This node has direct edges to 7 out of the 398 other nodes in the network (degree centrality 0.0176 \u00d7 398 \u2248 7). Its closeness centrality of 0.4345 corresponds to a mean shortest-path distance of 1 / 0.4345 \u2248 2.3 hops to reach any other node in the graph. The betweenness centrality of 0.0000 indicates that this node lies on 0% of all shortest paths between other pairs of nodes, meaning it does not serve as a bridge in any connections. The clustering coefficient of 0.4286 implies that approximately 42.9% of the 7 neighbors are connected to each other, creating a moderately interconnected local neighborhood. The square clustering coefficient of 0.3101 shows that 31.01% of potential four-node cycles (squares) among the node\u2019s neighbors are closed, indicating the presence of connections that extend beyond direct neighbor relationships in paths of length two.", "question": "\nQuestion: What is the activity level of this airport? Choose one of: Low, Medium, High, or Very High.\n\nAnswer:"}
{"id": 323, "pred": "Very High", "label": "Very High", "desc": "This node has direct edges to 2 out of the 398 other nodes in the network (degree centrality 0.0050 \u00d7 398 \u2248 2). Its closeness centrality of 0.3020 corresponds to a mean shortest-path distance of 1 / 0.3020 \u2248 3.31 hops to reach any other node in the graph. The betweenness centrality of 0.0000 indicates that this node does not lie on any shortest paths between any other pairs of nodes, accounting for 0% of all such paths. The clustering coefficient of 1.0000 means that 100% of the node's 2 neighbors share a direct edge with one another, indicating complete connectivity among them. The square clustering coefficient of 0.3750 indicates that 37.5% of potential four-node cycles (squares) are closed among the neighbors, reflecting a moderate level of interconnectedness through indirect paths of length two alongside direct edges.", "question": "\nQuestion: What is the activity level of this airport? Choose one of: Low, Medium, High, or Very High.\n\nAnswer:"}
{"id": 371, "pred": "Very High", "label": "High", "desc": "This node has direct edges to 4 out of the 398 other nodes in the network (degree centrality 0.0101 \u00d7 398 \u2248 4). Its closeness centrality of 0.3695 corresponds to a mean shortest-path distance of 1 / 0.3695 \u2248 2.71 hops to reach any other node in the graph. The betweenness centrality of 0.0000 indicates that this node does not lie on any shortest paths between other node pairs, representing 0% of all possible paths. The clustering coefficient of 0.8333 signifies that approximately 83.33% of the node's 4 neighbors are directly connected to one another, suggesting a highly interconnected local neighborhood. The square clustering coefficient of 0.4050 indicates that about 40.50% of possible four-node cycles (squares) involving its neighbors are closed, which reflects a moderate degree of connectivity among neighbors through two-edge paths in addition to direct connections.", "question": "\nQuestion: What is the activity level of this airport? Choose one of: Low, Medium, High, or Very High.\n\nAnswer:"}
{"id": 249, "pred": "High", "label": "Medium", "desc": "This node has direct edges to 7 out of the 398 other nodes in the network (degree centrality 0.0176 \u00d7 398 \u2248 7). Its closeness centrality of 0.4168 corresponds to a mean shortest-path distance of 1 / 0.4168 \u2248 2.40 hops to reach any other node in the graph. The betweenness centrality of 0.0000 indicates that this node does not lie on any shortest paths between any pair of nodes in the graph. The clustering coefficient of 0.9524 means that approximately 95.24% of the node's 7 neighbors share direct edges with one another, indicating a highly interconnected local neighborhood. The square clustering coefficient of 0.3350 reflects that 33.50% of potential four-node cycles (squares) are closed among the node's neighbors, showing the extent to which neighbors are connected through paths of length two in addition to direct edges.", "question": "\nQuestion: What is the activity level of this airport? Choose one of: Low, Medium, High, or Very High.\n\nAnswer:"}
{"id": 229, "pred": "High", "label": "High", "desc": "This node has direct edges to 5 out of the 398 other nodes in the network (degree centrality 0.0126 \u00d7 398 \u2248 5). Its closeness centrality of 0.4133 corresponds to a mean shortest-path distance of 1 / 0.4133 \u2248 2.42 hops to reach any other node in the graph. The betweenness centrality of 0.0000 indicates that this node does not lie on any of the shortest paths between any pairs of nodes, meaning it does not act as a connector between other nodes. The clustering coefficient of 0.9000 signifies that approximately 90% of the node's 5 neighbors are connected to one another, indicating a dense local neighborhood. The square clustering coefficient of 0.3496 indicates that about 34.96% of potential four-node cycles (squares) involving this node's neighbors are closed, reflecting a moderate level of connectivity among those neighbors through two-step paths as well as direct edges.", "question": "\nQuestion: What is the activity level of this airport? Choose one of: Low, Medium, High, or Very High.\n\nAnswer:"}
{"id": 56, "pred": "Low", "label": "Low", "desc": "This node has direct edges to 76 out of the 398 other nodes in the network (degree centrality 0.1910 \u00d7 398 \u2248 76). Its closeness centrality of 0.5335 corresponds to a mean shortest-path distance of 1 / 0.5335 \u2248 1.87 hops to reach any other node in the graph. The betweenness centrality of 0.0367 indicates that this node lies on approximately 3.67% of all shortest paths between every other pair of nodes. The clustering coefficient of 0.3425 signifies that about 34.25% of the node's 76 neighbors share a direct edge with one another, indicating a moderate level of local interconnectedness. The square clustering coefficient of 0.1976 shows that 19.76% of potential four-node cycles formed by the node's neighbors are closed, reflecting the extent to which neighbors are connected via paths of length two in addition to direct edges.", "question": "\nQuestion: What is the activity level of this airport? Choose one of: Low, Medium, High, or Very High.\n\nAnswer:"}
{"id": 126, "pred": "Medium", "label": "Very High", "desc": "This node has direct edges to 40 out of the 398 other nodes in the network (degree centrality 0.1005 \u00d7 399 \u2248 40). Its closeness centrality of 0.4772 corresponds to a mean shortest-path distance of 1 / 0.4772 \u2248 2.09 hops to reach any other node in the graph. The betweenness centrality of 0.0065 indicates that this node lies on approximately 0.65% of all shortest paths between every other pair of nodes. The clustering coefficient of 0.4474 suggests that about 44.74% of the node's 40 neighbors are mutually connected through direct edges, indicating a moderately dense local neighborhood. The square clustering coefficient of 0.2642 reveals that 26.42% of potential four-node cycles (squares) are closed among the node's neighbors, reflecting a lower level of connection among neighbors through paths of length two in addition to direct edges.", "question": "\nQuestion: What is the activity level of this airport? Choose one of: Low, Medium, High, or Very High.\n\nAnswer:"}
{"id": 376, "pred": "High", "label": "Medium", "desc": "This node has direct edges to 5 out of the 398 other nodes in the network (degree centrality 0.0126 \u00d7 398 \u2248 5). Its closeness centrality of 0.4120 corresponds to a mean shortest-path distance of 1 / 0.4120 \u2248 2.43 hops to reach any other node in the graph. The betweenness centrality of 0.0000 indicates that this node lies on 0% of all shortest paths between every other pair of nodes, meaning it does not connect any pairs of nodes indirectly. The clustering coefficient of 0.8000 signifies that approximately 80% of the node's 5 neighbors are mutually connected, suggesting a high degree of interconnectivity among its direct neighbors. The square clustering coefficient of 0.3090 indicates that around 30.9% of potential four-node cycles (squares) are closed among the node's neighbors, reflecting a moderate presence of indirect paths connecting the node's neighbors through paths of length two as well as direct edges.", "question": "\nQuestion: What is the activity level of this airport? Choose one of: Low, Medium, High, or Very High.\n\nAnswer:"}
{"id": 287, "pred": "High", "label": "Very High", "desc": "This node has direct edges to 4 out of the 398 other nodes in the network (degree centrality 0.0101 \u00d7 398 \u2248 4). Its closeness centrality of 0.3689 corresponds to a mean shortest-path distance of approximately 2.71 hops (1 / 0.3689 \u2248 2.71) to reach any other node in the graph. The betweenness centrality of 0.0000 indicates that this node does not lie on any shortest paths between other pairs of nodes, representing 0% of such paths. The clustering coefficient of 0.3333 shows that about 33.33% of the node's 4 neighbors share a direct edge with one another, indicating a moderate level of local interconnectedness. The square clustering coefficient of 0.2463 suggests that approximately 24.63% of potential four-node cycles (squares) are closed among the node's neighbors, reflecting the extent to which its neighbors are connected through paths of length two in addition to direct edges.", "question": "\nQuestion: What is the activity level of this airport? Choose one of: Low, Medium, High, or Very High.\n\nAnswer:"}
{"id": 280, "pred": "High", "label": "Medium", "desc": "This node has direct edges to 12 out of the 398 other nodes in the network (degree centrality 0.0302 \u00d7 398 \u2248 12). Its closeness centrality of 0.4198 corresponds to a mean shortest-path distance of 1 / 0.4198 \u2248 2.38 hops to reach any other node in the graph. The betweenness centrality of 0.0000 indicates that this node lies on 0.00% of all shortest paths between every other pair of nodes, implying it does not serve as a bridge connecting different parts of the network. The clustering coefficient of 0.8333 reflects that approximately 83.33% of the node\u2019s 12 neighbors are mutually connected, indicating a high density of connections within its local neighborhood. The square clustering coefficient of 0.2713 indicates that about 27.13% of the possible four-node cycles (squares) involving the node's neighbors are closed, which suggests some level of indirect connectivity among the neighbors, though less than one-third of potential cycles are completed.", "question": "\nQuestion: What is the activity level of this airport? Choose one of: Low, Medium, High, or Very High.\n\nAnswer:"}
{"id": 292, "pred": "Medium", "label": "Low", "desc": "This node has direct edges to 27 out of the 398 other nodes in the network (degree centrality 0.0678 \u00d7 398 \u2248 27). Its closeness centrality of 0.4492 corresponds to a mean shortest-path distance of 1 / 0.4492 \u2248 2.23 hops to reach any other node in the graph. The betweenness centrality of 0.0003 indicates this node lies on approximately 0.03% of all shortest paths between every other pair of nodes. The clustering coefficient of 0.4558 suggests that about 45.6% of the node's 27 neighbors share a direct edge with one another, indicating some local connectivity among neighbors. The square clustering coefficient of 0.2382 measures the fraction of potential four-node cycles (squares) that are closed among the node's neighbors; here, 23.8% of such cycles are present, reflecting the extent to which neighbors are interconnected through both direct edges and paths of length two.", "question": "\nQuestion: What is the activity level of this airport? Choose one of: Low, Medium, High, or Very High.\n\nAnswer:"}
{"id": 145, "pred": "High", "label": "Very High", "desc": "This node has direct edges to 15 out of the 398 other nodes in the network (degree centrality 0.0377 \u00d7 398 \u2248 15). Its closeness centrality of 0.4364 corresponds to a mean shortest-path distance of 1 / 0.4364 \u2248 2.29 hops to reach any other node in the graph. The betweenness centrality of 0.0001 indicates that this node lies on approximately 0.01% of all shortest paths between every other pair of nodes, highlighting a minimal role in connecting different parts of the network. The clustering coefficient of 0.7333 reveals that about 73.33% of the node's 15 neighbors are interconnected, suggesting a significant local neighborhood connectivity. The square clustering coefficient of 0.3189 shows that 31.89% of all potential cycles among the node's neighbors, composed of four nodes, are closed, indicating a moderate level of connectivity among neighbors through paths of length two in addition to direct links.", "question": "\nQuestion: What is the activity level of this airport? Choose one of: Low, Medium, High, or Very High.\n\nAnswer:"}
{"id": 153, "pred": "Medium", "label": "Medium", "desc": "This node has direct edges to 21 out of the 398 other nodes in the network (degree centrality 0.0528 \u00d7 398 \u2248 21). Its closeness centrality of 0.4408 corresponds to a mean shortest-path distance of 1 / 0.4408 \u2248 2.27 hops to reach any other node in the graph. The betweenness centrality of 0.0001 indicates that this node is part of approximately 0.01% of all shortest paths between every other pair of nodes. The clustering coefficient of 0.6476 shows that about 64.8% of the node's 21 neighbors share direct edges with one another, illustrating a relatively dense local neighborhood. The square clustering coefficient of 0.2804 indicates that 28.0% of potential four-node cycles (squares) among the neighbors are closed, reflecting a moderate level of connectivity among neighbors via both direct and indirect links.", "question": "\nQuestion: What is the activity level of this airport? Choose one of: Low, Medium, High, or Very High.\n\nAnswer:"}
{"id": 202, "pred": "Medium", "label": "Medium", "desc": "This node has direct edges to 23 out of the 398 other nodes in the network (degree centrality 0.0578 \u00d7 398 \u2248 23). Its closeness centrality of 0.4403 corresponds to a mean shortest-path distance of 1 / 0.4403 \u2248 2.27 hops to reach any other node in the graph. The betweenness centrality of 0.0001 implies that this node lies on approximately 0.01% of all shortest paths between pairs of nodes in the network. The clustering coefficient of 0.4901 indicates that about 49.01% of the node's 23 neighbors share a direct edge with one another, showing a moderate density of connections within its local neighborhood. The square clustering coefficient of 0.2812 reflects that 28.12% of potential four-node cycles (squares) are closed among the node's neighbors, indicating some degree of connectivity through paths of length two, in addition to direct connections.", "question": "\nQuestion: What is the activity level of this airport? Choose one of: Low, Medium, High, or Very High.\n\nAnswer:"}
{"id": 175, "pred": "Medium", "label": "Low", "desc": "This node has direct edges to 29 out of the 398 other nodes in the network (degree centrality 0.0729 \u00d7 398 \u2248 29). Its closeness centrality of 0.4671 corresponds to a mean shortest-path distance of 1 / 0.4671 \u2248 2.14 hops to reach any other node in the graph. The betweenness centrality of 0.0079 indicates that this node lies on approximately 0.79% of all shortest paths between every other pair of nodes in the network. The clustering coefficient of 0.3842 suggests that about 38.42% of the node's 29 neighbors are connected to one another, indicating a moderately dense local neighborhood. The square clustering coefficient of 0.2118 measures the fraction of potential four-node cycles formed among the neighbors; here, 21.18% of such cycles are closed, reflecting the interconnectivity of neighbors through both direct links and paths of length two.", "question": "\nQuestion: What is the activity level of this airport? Choose one of: Low, Medium, High, or Very High.\n\nAnswer:"}
{"id": 124, "pred": "High", "label": "Very High", "desc": "This node has direct edges to 8 out of the 398 other nodes in the network (degree centrality 0.0201 \u00d7 398 \u2248 8). Its closeness centrality of 0.4082 corresponds to a mean shortest-path distance of 1 / 0.4082 \u2248 2.45 hops to reach any other node in the graph. The betweenness centrality of 0.0000 indicates that this node does not lie on any shortest paths between other pairs of nodes, contributing 0% to the overall network's pathways. The clustering coefficient of 0.6071 suggests that approximately 60.71% of the node's 8 neighbors are directly connected to each other, signifying a relatively cohesive local neighborhood. The square clustering coefficient of 0.3883 reveals that about 38.83% of the potential four-node cycles (squares) among the node's neighbors are closed, indicating a moderate density of connections formed through two-step paths as well as direct edges.", "question": "\nQuestion: What is the activity level of this airport? Choose one of: Low, Medium, High, or Very High.\n\nAnswer:"}
{"id": 60, "pred": "Low", "label": "Low", "desc": "This node has direct edges to 82 out of the 398 other nodes in the network, corresponding to a degree centrality of 0.2060 (82 direct neighbors). The closeness centrality of 0.5415 indicates a mean shortest-path distance of approximately 1.84 hops to reach any other node in the graph (1 / 0.5415 \u2248 1.84). The betweenness centrality of 0.0041 means that this node lies on approximately 0.41% of all shortest paths between every other pair of nodes. The clustering coefficient of 0.4312 reveals that about 43.1% of the node's 82 neighbors share a direct edge with one another, indicating the density of connections in its local neighborhood. The square clustering coefficient of 0.2289 indicates that 22.89% of potential four-node cycles among the node's neighbors are closed, illustrating the extent to which its neighbors are connected through paths of length two, alongside direct connections.", "question": "\nQuestion: What is the activity level of this airport? Choose one of: Low, Medium, High, or Very High.\n\nAnswer:"}
{"id": 33, "pred": "Low", "label": "Low", "desc": "This node has direct edges to 88 out of the 398 other nodes in the network (degree centrality 0.2211 \u00d7 398 \u2248 88). Its closeness centrality of 0.5182 corresponds to a mean shortest-path distance of 1 / 0.5182 \u2248 1.93 hops to reach any other node in the graph. The betweenness centrality of 0.0092 indicates that this node lies on approximately 0.92% of all shortest paths between every other pair of nodes. The clustering coefficient of 0.2124 suggests that about 21.24% of the node's 88 neighbors share a direct edge with one another, reflecting a relatively sparse local network structure. The square clustering coefficient of 0.1716 indicates that 17.16% of potential four-node cycles (squares) are closed among the node's neighbors, implying a degree of connectivity among neighbors through paths of length two in addition to direct edges.", "question": "\nQuestion: What is the activity level of this airport? Choose one of: Low, Medium, High, or Very High.\n\nAnswer:"}
{"id": 253, "pred": "High", "label": "Very High", "desc": "This node has direct edges to 11 out of the 398 other nodes in the network (degree centrality 0.0276 \u00d7 398 \u2248 11). Its closeness centrality of 0.4225 corresponds to a mean shortest-path distance of 1 / 0.4225 \u2248 2.37 hops to reach any other node in the graph. The betweenness centrality of 0.0000 indicates that this node does not lie on any shortest paths between any pair of nodes, meaning it plays no intermediary role in connections. The clustering coefficient of 0.6000 indicates that about 60.0% of the node's 11 neighbors share a direct edge with one another, suggesting a relatively dense local cluster. The square clustering coefficient of 0.3301 measures the fraction of potential four-node cycles (squares) that are closed among the node's neighbors; here, 33.01% of such cycles are formed, indicating the extent to which neighbors are interconnected through two-step paths in addition to direct edges.", "question": "\nQuestion: What is the activity level of this airport? Choose one of: Low, Medium, High, or Very High.\n\nAnswer:"}
{"id": 381, "pred": "Very High", "label": "Very High", "desc": "This node has direct edges to 1 out of the 398 other nodes in the network (degree centrality 0.0025 \u00d7 398 \u2248 1). Its closeness centrality of 0.3648 corresponds to a mean shortest-path distance of 1 / 0.3648 \u2248 2.745 hops to reach any other node in the graph. The betweenness centrality of 0.0000 indicates that this node lies on 0% of all shortest paths between any other pairs of nodes. The clustering coefficient of 0.0000 means that none of the node's 1 neighbor shares a direct edge with each other, indicating that there is no dense local neighborhood formed. The square clustering coefficient of 0.0000 reflects that there are 0% of potential four-node cycles (squares) among the node's neighbors; considering the single neighbor, no cycles are present at all, showing a lack of connectivity through paths of length two among its immediate connections.", "question": "\nQuestion: What is the activity level of this airport? Choose one of: Low, Medium, High, or Very High.\n\nAnswer:"}
{"id": 76, "pred": "High", "label": "Medium", "desc": "This node has direct edges to 21 out of the 398 other nodes in the network (degree centrality 0.0528 \u00d7 398 \u2248 21). Its closeness centrality of 0.4784 corresponds to a mean shortest-path distance of 1 / 0.4784 \u2248 2.09 hops to reach any other node in the graph. The betweenness centrality of 0.0001 indicates that this node lies on approximately 0.01% of all shortest paths between every other pair of nodes. The clustering coefficient of 0.8048 reflects that about 80.5% of the node's 21 neighbors share a direct edge with one another, indicating a highly interconnected local neighbourhood. The square clustering coefficient of 0.3382 means that approximately 33.8% of potential four-node cycles (squares) formed by the neighbors are closed, signifying a meaningful level of connectivity through paths of length two among the node's neighbours.", "question": "\nQuestion: What is the activity level of this airport? Choose one of: Low, Medium, High, or Very High.\n\nAnswer:"}
{"id": 73, "pred": "Low", "label": "Low", "desc": "This node has direct edges to 62 out of the 398 other nodes in the network (degree centrality 0.1558 \u00d7 398 \u2248 62). Its closeness centrality of 0.5251 corresponds to a mean shortest-path distance of 1 / 0.5251 \u2248 1.90 hops to reach any other node in the graph. The betweenness centrality of 0.0142 means this node lies on approximately 1.42% of all shortest paths between every other pair of nodes. The clustering coefficient of 0.5119 indicates that about 51.19% of the node's 62 neighbors share a direct edge with one another, reflecting a moderately interconnected local neighborhood. The square clustering coefficient of 0.2463 measures the fraction of potential four-node cycles (squares) that are closed among the node's neighbors; here, 24.63% of such cycles are present, indicating the extent to which neighbors are connected through paths of length two in addition to direct edges.", "question": "\nQuestion: What is the activity level of this airport? Choose one of: Low, Medium, High, or Very High.\n\nAnswer:"}
{"id": 231, "pred": "High", "label": "Medium", "desc": "This node has direct edges to 10 out of the 398 other nodes in the network (degree centrality 0.0251 \u00d7 399 \u2248 10). Its closeness centrality of 0.4364 corresponds to a mean shortest-path distance of 1 / 0.4364 \u2248 2.29 hops to reach any other node in the graph. The betweenness centrality of 0.0000 indicates that this node does not lie on any shortest paths between any pairs of nodes, representing 0% of all shortest paths. The clustering coefficient of 0.8222 indicates that approximately 82.2% of the node's 10 neighbors share a direct edge with one another, signifying a highly interconnected local neighborhood. The square clustering coefficient of 0.3272 reflects that about 32.7% of potential four-node cycles (squares) among the node's neighbors are closed, illustrating a moderate level of connectivity among neighbors through paths of length two as well as direct edges.", "question": "\nQuestion: What is the activity level of this airport? Choose one of: Low, Medium, High, or Very High.\n\nAnswer:"}
{"id": 114, "pred": "Medium", "label": "Medium", "desc": "This node has direct edges to 23 out of the 398 other nodes in the network (degree centrality 0.0578 \u00d7 398 \u2248 23). Its closeness centrality of 0.4564 indicates a mean shortest-path distance of 1 / 0.4564 \u2248 2.19 hops to reach any other node in the graph. The betweenness centrality of 0.0004 means this node lies on approximately 0.04% of all shortest paths between every other pair of nodes. The clustering coefficient of 0.5059 indicates that about 50.6% of the node's 23 neighbors share a direct edge with one another, forming a moderately dense local neighborhood. The square clustering coefficient of 0.2200 suggests that 22% of potential four-node cycles (squares) are closed among the node's neighbors, reflecting a degree of indirect connectivity among its neighbors through paths of length two as well as direct edges.", "question": "\nQuestion: What is the activity level of this airport? Choose one of: Low, Medium, High, or Very High.\n\nAnswer:"}
{"id": 237, "pred": "High", "label": "Medium", "desc": "This node has direct edges to 11 out of the 398 other nodes in the network (degree centrality 0.0276 \u00d7 398 \u2248 11). Its closeness centrality of 0.4129 corresponds to a mean shortest-path distance of 1 / 0.4129 \u2248 2.42 hops to reach any other node in the graph. The betweenness centrality of 0.0006 indicates that this node lies on approximately 0.06% of all shortest paths between every other pair of nodes. The clustering coefficient of 0.4545 signifies that about 45.5% of the node's 11 neighbors share a direct edge with one another, indicating a moderately connected local neighborhood. The square clustering coefficient of 0.1811 means that 18.1% of the potential four-node cycles among the node's neighbors are closed, reflecting the extent of connections through paths of length two as well as direct edges within that local structure.", "question": "\nQuestion: What is the activity level of this airport? Choose one of: Low, Medium, High, or Very High.\n\nAnswer:"}
{"id": 377, "pred": "Very High", "label": "High", "desc": "This node has direct edges to 3 out of 398 other nodes in the network (degree centrality 0.0075 \u00d7 398 \u2248 3). Its closeness centrality of 0.3685 corresponds to a mean shortest-path distance of 1 / 0.3685 \u2248 2.71 hops to reach any other node in the graph. The betweenness centrality of 0.0000 indicates that this node does not lie on any shortest paths between pairs of nodes, representing 0% of all possible paths. The clustering coefficient of 0.6667 signifies that approximately 66.67% of the node's 3 neighbors are directly connected to one another, indicating a relatively cohesive local neighborhood. The square clustering coefficient of 0.4222 shows that around 42.22% of potential four-node cycles (squares) are closed among the node's neighbors, reflecting a moderate level of connectivity among its neighbors through two-step paths and direct connections.", "question": "\nQuestion: What is the activity level of this airport? Choose one of: Low, Medium, High, or Very High.\n\nAnswer:"}
{"id": 386, "pred": "Very High", "label": "Very High", "desc": "This node has direct edges to 1 out of the 398 other nodes in the network (degree centrality 0.0025 \u00d7 398 \u2248 1). Its closeness centrality of 0.3648 corresponds to a mean shortest-path distance of 1 / 0.3648 \u2248 2.74 hops to reach any other node in the graph. The betweenness centrality of 0.0000 indicates that this node lies on 0% of all shortest paths between every other pair of nodes, suggesting it does not act as a bridge in the network. The clustering coefficient of 0.0000 signifies that 0% of the node's direct neighbor (1 neighbor) shares a direct edge with one another, indicating no triangular connections among neighbors. The square clustering coefficient of 0.0000 similarly reflects that there are no closed four-node cycles (squares) among the node's neighbors, implying a lack of connection paths of length two connecting the neighbor to any other nodes.", "question": "\nQuestion: What is the activity level of this airport? Choose one of: Low, Medium, High, or Very High.\n\nAnswer:"}
{"id": 59, "pred": "Medium", "label": "Medium", "desc": "This node has direct edges to 27 out of the 398 other nodes in the network. Its degree centrality of 0.0678 confirms the presence of these 27 neighbors (degree centrality 0.0678 \u00d7 398 \u2248 27). The closeness centrality of 0.4699 corresponds to a mean shortest-path distance of 1 / 0.4699 \u2248 2.13 hops to reach any other node in the graph. The betweenness centrality of 0.0002 indicates that this node lies on approximately 0.02% of all shortest paths between every other pair of nodes in the network. The clustering coefficient of 0.6895 suggests that about 68.95% of the node's 27 neighbors are directly connected to each other, indicating a relatively high density of connections within its local neighborhood. The square clustering coefficient of 0.3100 measures the fraction of potential four-node cycles (squares) that are closed; here, 31.00% of such cycles are present among the node's neighbors, reflecting a moderate level of connectivity among them through paths of length two in addition to direct edges.", "question": "\nQuestion: What is the activity level of this airport? Choose one of: Low, Medium, High, or Very High.\n\nAnswer:"}
{"id": 113, "pred": "High", "label": "High", "desc": "This node has direct edges to 8 out of the 398 other nodes in the network, as indicated by its degree centrality of 0.0201 (degree centrality scaled by 399 \u2248 8). Its closeness centrality of 0.4298 corresponds to a mean shortest-path distance of approximately 2.33 hops to reach any other node in the graph (calculated as 1 / 0.4298 \u2248 2.33). The betweenness centrality of 0.0000 signifies that this node does not lie on any of the shortest paths between other pairs of nodes, representing 0% of all such paths. The clustering coefficient of 0.5000 indicates that 50% of the node's 8 neighbors are connected to one another, which forms a moderate local density among those neighbors. The square clustering coefficient of 0.2985 suggests that 29.85% of potential four-node cycles (squares) among the node's neighbors are completed, reflecting a degree of connectivity through paths of length two within the local neighborhood.", "question": "\nQuestion: What is the activity level of this airport? Choose one of: Low, Medium, High, or Very High.\n\nAnswer:"}
{"id": 18, "pred": "Low", "label": "Low", "desc": "This node has direct edges to 131 out of the 398 other nodes in the network (degree centrality 0.3291 \u00d7 398 \u2248 131). Its closeness centrality of 0.5614 corresponds to a mean shortest-path distance of 1 / 0.5614 \u2248 1.78 hops to reach any other node in the graph. The betweenness centrality of 0.0201 means this node lies on approximately 2.01% of all shortest paths between every other pair of nodes. The clustering coefficient of 0.2420 indicates that about 24.2% of the node's 131 neighbors share direct edges with one another, forming a local neighborhood that has limited density. The square clustering coefficient of 0.1805 measures the fraction of potential four-node cycles (squares) among the node's neighbors; here, 18.05% of such cycles are present, reflecting that a smaller percentage of neighbors are connected through paths of length two as well as direct edges.", "question": "\nQuestion: What is the activity level of this airport? Choose one of: Low, Medium, High, or Very High.\n\nAnswer:"}
{"id": 390, "pred": "Medium", "label": "Medium", "desc": "This node has direct edges to 16 out of the 398 other nodes in the network. Its degree centrality of 0.0402 corresponds to a total of 16 connections (degree centrality 0.0402 \u00d7 399 \u2248 16). The closeness centrality of 0.4326 translates to a mean shortest-path distance of approximately 2.31 hops to reach any other node in the graph (1 / 0.4326 \u2248 2.31). The betweenness centrality of 0.0009 means this node lies on about 0.09% of all shortest paths between every other pair of nodes in the network. The clustering coefficient of 0.5333 indicates that approximately 53.3% of the node's 16 neighbors share a direct edge with one another, revealing the density of local connections. The square clustering coefficient of 0.2742 indicates that about 27.4% of potential four-node cycles (squares) are completed among the node's neighbors, reflecting connectivity through both direct edges and two-step paths.", "question": "\nQuestion: What is the activity level of this airport? Choose one of: Low, Medium, High, or Very High.\n\nAnswer:"}
{"id": 155, "pred": "Low", "label": "Low", "desc": "This node has direct edges to 61 out of the 398 other nodes in the network (degree centrality 0.1533 \u00d7 399 \u2248 61). Its closeness centrality of 0.4932 corresponds to a mean shortest-path distance of 1 / 0.4932 \u2248 2.03 hops to reach any other node in the graph. The betweenness centrality of 0.0015 indicates that this node lies on approximately 0.15% of all shortest paths between every other pair of nodes. The clustering coefficient of 0.4235 means that about 42.4% of the node's 61 neighbors share a direct edge with one another, forming a moderately dense local neighborhood. The square clustering coefficient of 0.2480 measures the fraction of potential four-node cycles (squares) that are closed among the node's neighbors; here, 24.8% of such cycles are present, reflecting that a certain proportion of the node's neighbors are connected through paths of length two as well as direct edges.", "question": "\nQuestion: What is the activity level of this airport? Choose one of: Low, Medium, High, or Very High.\n\nAnswer:"}
{"id": 352, "pred": "Very High", "label": "Very High", "desc": "This node has direct edges to 4 out of the 398 other nodes in the network (degree centrality 0.0101 \u00d7 398 \u2248 4). Its closeness centrality of 0.3906 corresponds to a mean shortest-path distance of 1 / 0.3906 \u2248 2.56 hops to reach any other node in the graph. The betweenness centrality of 0.0000 indicates that this node does not lie on any shortest path between other pairs of nodes in the network, effectively accounting for 0% of such paths. The clustering coefficient of 0.1667 means that approximately 16.67% of this node's 4 neighbors share a direct edge with one another, indicating a limited level of local connectivity. The square clustering coefficient of 0.5171 implies that about 51.71% of potential four-node cycles (squares) are closed among the node's neighbors, reflecting a relatively higher presence of connections among neighbors through paths of length two in comparison to direct edges.", "question": "\nQuestion: What is the activity level of this airport? Choose one of: Low, Medium, High, or Very High.\n\nAnswer:"}
{"id": 296, "pred": "Very High", "label": "Very High", "desc": "This node has direct edges to 1 out of the 398 other nodes in the network (degree centrality 0.0025 \u00d7 398 \u2248 1). Its closeness centrality of 0.3246 corresponds to a mean shortest-path distance of 1 / 0.3246 \u2248 3.08 hops to reach any other node in the graph. The betweenness centrality of 0.0000 indicates that the node does not lie on any of the shortest paths between any other pair of nodes, representing 0% of such paths. The clustering coefficient of 0.0000 signifies that 0% of the node's 1 neighbor share a direct edge with each other, indicating no interconnectedness within its immediate neighborhood. The square clustering coefficient of 0.0000 further reflects that there are no closed four-node cycles among the node's neighbors, again indicating a lack of connectivity beyond immediate connections.", "question": "\nQuestion: What is the activity level of this airport? Choose one of: Low, Medium, High, or Very High.\n\nAnswer:"}
{"id": 360, "pred": "High", "label": "Medium", "desc": "This node has direct edges to 4 out of the 398 other nodes in the network (degree centrality 0.0101 \u00d7 398 \u2248 4). Its closeness centrality of 0.3695 corresponds to a mean shortest-path distance of 1 / 0.3695 \u2248 2.71 hops to reach any other node in the graph. The betweenness centrality of 0.0000 indicates that this node does not lie on any shortest paths between pairs of nodes, contributing 0% to inter-node connectivity in that respect. The clustering coefficient of 0.8333 shows that about 83.33% of the node's 4 neighbors are directly connected to each other, indicating a high level of local interconnectivity among its neighbors. The square clustering coefficient of 0.4050 reflects that approximately 40.50% of the potential four-node cycles (squares) formed by the node's connections are closed, indicating a significant presence of connections through paths of length two among its neighbors, alongside direct edges.", "question": "\nQuestion: What is the activity level of this airport? Choose one of: Low, Medium, High, or Very High.\n\nAnswer:"}
{"id": 31, "pred": "Low", "label": "Low", "desc": "This node has direct edges to 89 out of the 398 other nodes in the network (degree centrality 0.2236 \u00d7 398 \u2248 89). Its closeness centrality of 0.5209 corresponds to a mean shortest-path distance of 1 / 0.5209 \u2248 1.92 hops to reach any other node in the graph. The betweenness centrality of 0.0075 indicates that this node lies on approximately 0.75% of all shortest paths between every other pair of nodes in the network. The clustering coefficient of 0.3001 suggests that about 30.01% of the node's 89 neighbors are mutually connected to one another. This forms a less dense local neighbourhood compared to higher clustering values. The square clustering coefficient of 0.1940 measures that 19.4% of the potential four-node cycles (squares) are closed among the node's neighbors, indicating a limited presence of connections that span across two degrees of separation among the neighbors, reflecting the network's structural connectivity in that area.", "question": "\nQuestion: What is the activity level of this airport? Choose one of: Low, Medium, High, or Very High.\n\nAnswer:"}
{"id": 63, "pred": "Medium", "label": "Low", "desc": "This node has direct edges to 61 out of the 398 other nodes in the network (degree centrality 0.1533 \u00d7 399 \u2248 61). Its closeness centrality of 0.5038 corresponds to a mean shortest-path distance of approximately 1.98 hops to reach any other node in the graph (1 / 0.5038 \u2248 1.98). The betweenness centrality of 0.0024 indicates that this node is on about 0.24% of all shortest paths between every other pair of nodes in the network (0.0024 \u00d7 100). The clustering coefficient of 0.4213 signifies that roughly 42.13% of the node's 61 neighbors are mutually connected to each other, suggesting a moderately interconnected local neighborhood. The square clustering coefficient of 0.2274 reflects that about 22.74% of potential four-node cycles (squares) are closed among this node's neighbors, indicating some level of connectivity between the neighbors through paths of length two and direct edges.", "question": "\nQuestion: What is the activity level of this airport? Choose one of: Low, Medium, High, or Very High.\n\nAnswer:"}
{"id": 374, "pred": "High", "label": "Medium", "desc": "This node has direct edges to 4 out of the 398 other nodes in the network (degree centrality 0.0101 \u00d7 399 \u2248 4). Its closeness centrality of 0.3695 corresponds to a mean shortest-path distance of 1 / 0.3695 \u2248 2.71 hops to reach any other node in the graph. The betweenness centrality of 0.0000 indicates that this node lies on approximately 0% of all shortest paths between every other pair of nodes, signifying it does not serve as a bridge in the network. The clustering coefficient of 0.8333 shows that about 83.33% of the node's 4 neighbors share a direct edge with one another, indicating a highly interconnected local neighborhood. The square clustering coefficient of 0.4050 reveals that 40.50% of the potential four-node cycles (squares) are closed among the node's neighbors, reflecting a notable level of connectivity through paths of length two in addition to direct edges among the neighbors.", "question": "\nQuestion: What is the activity level of this airport? Choose one of: Low, Medium, High, or Very High.\n\nAnswer:"}
{"id": 234, "pred": "High", "label": "Very High", "desc": "This node has direct edges to 11 out of the 398 other nodes in the network (degree centrality 0.0276 \u00d7 399 \u2248 11). Its closeness centrality of 0.4432 corresponds to a mean shortest-path distance of 1 / 0.4432 \u2248 2.26 hops to reach any other node in the graph. The betweenness centrality of 0.0000 indicates that this node does not lie on any shortest paths between other pairs of nodes, representing 0% of such paths. The clustering coefficient of 0.8182 signifies that approximately 81.82% of the node's 11 neighbors share direct edges with one another, indicating a highly interconnected local neighborhood. The square clustering coefficient of 0.3371 reveals that 33.71% of potential four-node cycles (squares) are completed among the node's neighbors, reflecting a presence of second-order connections in addition to direct edges.", "question": "\nQuestion: What is the activity level of this airport? Choose one of: Low, Medium, High, or Very High.\n\nAnswer:"}
{"id": 225, "pred": "Very High", "label": "Very High", "desc": "This node has direct edges to 1 out of the 398 other nodes in the network (degree centrality 0.0025 \u00d7 398 \u2248 1). Its closeness centrality of 0.3402 corresponds to a mean shortest-path distance of 1 / 0.3402 \u2248 2.94 hops to reach any other node in the graph. The betweenness centrality of 0.0000 indicates that this node does not lie on any shortest paths between every other pair of nodes, representing 0% of the total paths. The clustering coefficient of 0.0000 indicates that none of the node's 1 neighbor is also connected to another neighbor, resulting in no mutual connections. The square clustering coefficient of 0.0000 reflects that there are no closed four-node cycles (squares) among the neighbors of this node, signifying no indirect connections through paths of length two for the sole neighbor.", "question": "\nQuestion: What is the activity level of this airport? Choose one of: Low, Medium, High, or Very High.\n\nAnswer:"}
{"id": 356, "pred": "High", "label": "High", "desc": "This node has direct edges to 4 out of the 398 other nodes in the network (degree centrality 0.0101 \u00d7 398 \u2248 4). Its closeness centrality of 0.3695 corresponds to a mean shortest-path distance of approximately 2.71 hops to reach any other node in the graph (1 / 0.3695 \u2248 2.71). The betweenness centrality of 0.0000 indicates that this node does not lie on any shortest paths between pairs of nodes, meaning it is not a bridge in the network's connectivity. The clustering coefficient of 0.8333 indicates that about 83.33% of the node's 4 neighbors are directly connected to each other, signifying a dense local neighborhood. The square clustering coefficient of 0.4050 means that 40.50% of the potential four-node cycles (squares) that could be formed among the node's neighbors are actually closed, reflecting a moderate degree of connectivity among the neighbors through paths of length two, in addition to direct edges.", "question": "\nQuestion: What is the activity level of this airport? Choose one of: Low, Medium, High, or Very High.\n\nAnswer:"}
{"id": 350, "pred": "Very High", "label": "High", "desc": "This node has direct edges to 3 out of the 398 other nodes in the network (degree centrality 0.0075 \u00d7 398 \u2248 3). Its closeness centrality of 0.3602 corresponds to a mean shortest-path distance of 1 / 0.3602 \u2248 2.77 hops to reach any other node in the graph. The betweenness centrality of 0.0000 indicates that this node does not lie on any shortest paths between any pairs of nodes, which corresponds to 0% of all possible paths. The clustering coefficient of 0.3333 signifies that approximately 33.3% of the node's 3 neighbors share a direct edge with one another, highlighting a moderately connected local neighborhood. The square clustering coefficient of 0.0874 shows that about 8.74% of potential four-node cycles (squares) are closed among the node's neighbors, indicating limited connectivity among these neighbors through paths of length two.", "question": "\nQuestion: What is the activity level of this airport? Choose one of: Low, Medium, High, or Very High.\n\nAnswer:"}
{"id": 55, "pred": "Low", "label": "Low", "desc": "This node has direct edges to 114 out of the 398 other nodes in the network (degree centrality 0.2864 \u00d7 398 \u2248 114). Its closeness centrality of 0.5661 corresponds to a mean shortest-path distance of 1 / 0.5661 \u2248 1.77 hops to reach any other node in the graph. The betweenness centrality of 0.0128 indicates that this node lies on approximately 1.28% of all shortest paths between every other pair of nodes. The clustering coefficient of 0.2944 implies that about 29.44% of the node's 114 neighbors share a direct edge with one another, indicating a relatively sparse connection among the local neighborhood. The square clustering coefficient of 0.1955 shows that 19.55% of potential four-node cycles (squares) are closed among the node's neighbors, reflecting the extent to which neighborhoods are interconnected through paths of length two in addition to direct edges.", "question": "\nQuestion: What is the activity level of this airport? Choose one of: Low, Medium, High, or Very High.\n\nAnswer:"}
{"id": 93, "pred": "Medium", "label": "Low", "desc": "This node has direct edges to 34 out of the 398 other nodes in the network, corresponding to a degree centrality of 0.0854 (since 0.0854 \u00d7 399 \u2248 34). Its closeness centrality of 0.4512 corresponds to a mean shortest-path distance of approximately 2.21 hops to reach any other node in the graph (1 / 0.4512 \u2248 2.21). The betweenness centrality of 0.0008 indicates that this node lies on about 0.08% of all shortest paths between every other pair of nodes in the network. The clustering coefficient of 0.4474 indicates that approximately 44.74% of the node's 34 neighbors share a direct connection with each other, creating a moderately cohesive local neighborhood. The square clustering coefficient of 0.2395 measures that roughly 23.95% of the potential four-node cycles among the node's neighbors are closed, reflecting the presence of connections through paths of length two in addition to direct edges.", "question": "\nQuestion: What is the activity level of this airport? Choose one of: Low, Medium, High, or Very High.\n\nAnswer:"}
{"id": 192, "pred": "Medium", "label": "High", "desc": "This node has direct edges to 28 out of the 398 other nodes in the network (degree centrality 0.0704 \u00d7 398 \u2248 28). Its closeness centrality of 0.4554 corresponds to a mean shortest-path distance of 1 / 0.4554 \u2248 2.19 hops to reach any other node in the graph. The betweenness centrality of 0.0003 indicates that this node lies on approximately 0.03% of all shortest paths between every other pair of nodes. The clustering coefficient of 0.4735 reflects that about 47.35% of the node's 28 neighbors are interconnected with direct edges, indicating a moderately clustered local neighborhood. The square clustering coefficient of 0.2798 shows that approximately 27.98% of potential four-node cycles (squares) among the node's neighbors are completed, indicating the extent to which paths of length two complement direct connections in enhancing local connectivity.", "question": "\nQuestion: What is the activity level of this airport? Choose one of: Low, Medium, High, or Very High.\n\nAnswer:"}
{"id": 298, "pred": "High", "label": "Very High", "desc": "This node has direct edges to 13 out of the 398 other nodes in the network (degree centrality 0.0327 \u00d7 399 \u2248 13). Its closeness centrality of 0.4408 corresponds to a mean shortest-path distance of 1 / 0.4408 \u2248 2.27 hops to reach any other node in the graph. The betweenness centrality of 0.0001 indicates that this node is part of approximately 0.01% of all shortest paths between other pairs of nodes. The clustering coefficient of 0.5385 suggests that about 53.85% of the node's 13 neighbors are directly connected to one another, indicating a moderately cohesive local neighborhood. The square clustering coefficient of 0.2694 shows that 26.94% of potential four-node cycles (squares) are closed among the node's neighbors, which indicates a certain level of connectivity through paths of length two between its neighbors.", "question": "\nQuestion: What is the activity level of this airport? Choose one of: Low, Medium, High, or Very High.\n\nAnswer:"}
{"id": 393, "pred": "Very High", "label": "Very High", "desc": "This node has direct edges to 1 out of the 398 other nodes in the network (degree centrality 0.0025 \u00d7 398 \u2248 1). Its closeness centrality of 0.3241 corresponds to a mean shortest-path distance of 1 / 0.3241 \u2248 3.09 hops to reach any other node in the graph. The betweenness centrality of 0.0000 indicates that this node does not lie on any shortest paths between any pairs of other nodes, representing 0% of such paths. The clustering coefficient of 0.0000 means that none of the node's 1 neighbor shares a direct edge with each other, resulting in a local neighborhood with no connections. Similarly, the square clustering coefficient of 0.0000 reflects that there are no potential four-node cycles (squares) formed among the node's neighbors, indicating no indirect connectivity through paths of length two.", "question": "\nQuestion: What is the activity level of this airport? Choose one of: Low, Medium, High, or Very High.\n\nAnswer:"}
{"id": 324, "pred": "Very High", "label": "Very High", "desc": "This node has direct edges to 2 out of the 398 other nodes in the network (degree centrality 0.0050 \u00d7 398 \u2248 2). Its closeness centrality of 0.3573 corresponds to a mean shortest-path distance of 1 / 0.3573 \u2248 2.80 hops to reach any other node in the graph. The betweenness centrality of 0.0000 indicates that this node lies on 0% of all shortest paths between every pair of nodes, meaning it does not serve as a bridge in the network. The clustering coefficient of 1.0000 signifies that 100% of the node's 2 neighbors are directly connected to each other, forming a complete subgraph. The square clustering coefficient of 0.3146 indicates that approximately 31.46% of potential four-node cycles (squares) among the neighbors are closed, suggesting some connections through paths of length two exist among them, in addition to direct connections.", "question": "\nQuestion: What is the activity level of this airport? Choose one of: Low, Medium, High, or Very High.\n\nAnswer:"}
{"id": 196, "pred": "High", "label": "Very High", "desc": "This node has direct edges to 18 out of the 398 other nodes in the network (degree centrality 0.0452 \u00d7 398 \u2248 18). Its closeness centrality of 0.4417 corresponds to a mean shortest-path distance of 1 / 0.4417 \u2248 2.27 hops to reach any other node in the graph. The betweenness centrality of 0.0000 indicates that this node does not lie on any shortest paths between any pairs of nodes within the network. The clustering coefficient of 0.6144 indicates that about 61.4% of the node's 18 neighbors share a direct edge with one another, suggesting a moderately dense local neighborhood. The square clustering coefficient of 0.2607 reflects that approximately 26.1% of potential four-node cycles (squares) are closed among the node's neighbors, indicating a presence of connections through paths of length two, alongside direct edges within the local structure.", "question": "\nQuestion: What is the activity level of this airport? Choose one of: Low, Medium, High, or Very High.\n\nAnswer:"}
{"id": 9, "pred": "Low", "label": "Low", "desc": "This node has direct edges to 144 out of the 398 other nodes in the network, corroborating its degree centrality of 0.3618 (degree centrality \u00d7 398 \u2248 144). Its closeness centrality of 0.5985 corresponds to a mean shortest-path distance of approximately 1.67 hops to reach any other node in the graph (1 / 0.5985). The betweenness centrality of 0.0200 indicates that this node lies on about 2.00% of all shortest paths between every other pair of nodes in the network. The clustering coefficient of 0.2889 implies that approximately 28.9% of the 144 neighbors share direct edges with one another, indicating some local connectivity. The square clustering coefficient of 0.1933 means that about 19.33% of potential four-node cycles (squares) are closed among the node's neighbors, reflecting the extent to which neighbors are interconnected through paths of length two as well as direct edges.", "question": "\nQuestion: What is the activity level of this airport? Choose one of: Low, Medium, High, or Very High.\n\nAnswer:"}
{"id": 379, "pred": "Very High", "label": "High", "desc": "This node has direct edges to 2 out of the 398 other nodes in the network (degree centrality 0.0050 \u00d7 398 \u2248 2). Its closeness centrality of 0.3675 corresponds to a mean shortest-path distance of 1 / 0.3675 \u2248 2.72 hops to reach any other node in the graph. The betweenness centrality of 0.0000 indicates that this node does not lie on any of the shortest paths between any pair of other nodes, contributing 0% to the overall betweenness centrality in the network. The clustering coefficient of 0.0000 means that none of its 2 neighbors share a direct edge with one another, indicating a lack of local connectivity among them. The square clustering coefficient of 0.5246 reflects that approximately 52.5% of potential four-node cycles (squares) among its neighbors are closed; since it has only 2 neighbors, this metric captures some structural connectivity patterns, but no mutual connections exist among them.", "question": "\nQuestion: What is the activity level of this airport? Choose one of: Low, Medium, High, or Very High.\n\nAnswer:"}
{"id": 397, "pred": "Very High", "label": "High", "desc": "This node has direct edges to 1 out of the 398 other nodes in the network (degree centrality 0.0025 \u00d7 399 \u2248 1). Its closeness centrality of 0.3187 corresponds to a mean shortest-path distance of 1 / 0.3187 \u2248 3.14 hops to reach any other node in the graph. The betweenness centrality of 0.0000 indicates that this node lies on 0.00% of all shortest paths between every other pair of nodes. The clustering coefficient of 0.0000 means that none of the node's 1 neighbor shares a direct edge with one another, indicating no local connectivity among neighbors. The square clustering coefficient of 0.0000 also reflects that there are no closed four-node cycles involving this node or its neighbors, reinforcing the absence of connectivity through second-degree relations. Thus, the node's structure identifies it as isolated within its neighborhood, exhibiting limited direct and indirect relationships in the network.", "question": "\nQuestion: What is the activity level of this airport? Choose one of: Low, Medium, High, or Very High.\n\nAnswer:"}
{"id": 198, "pred": "Medium", "label": "High", "desc": "This node has direct edges to 22 out of the 398 other nodes in the network (degree centrality 0.0553 \u00d7 398 \u2248 22). Its closeness centrality of 0.4403 corresponds to a mean shortest-path distance of 1 / 0.4403 \u2248 2.27 hops to reach any other node in the graph. The betweenness centrality of 0.0000 indicates that this node does not lie on any shortest paths between other pairs of nodes. The clustering coefficient of 0.7359 suggests that approximately 73.6% of the node's 22 neighbors are mutually connected by direct edges, indicating a densely interlinked local neighborhood. The square clustering coefficient of 0.3116 reflects that about 31.2% of the potential four-node cycles (squares) among the node's neighbors are realized, demonstrating some level of connectivity beyond direct edges.", "question": "\nQuestion: What is the activity level of this airport? Choose one of: Low, Medium, High, or Very High.\n\nAnswer:"}
{"id": 277, "pred": "High", "label": "High", "desc": "This node has direct edges to 9 out of the 398 other nodes in the network (degree centrality 0.0226 \u00d7 398 \u2248 9). Its closeness centrality of 0.4331 corresponds to a mean shortest-path distance of 1 / 0.4331 \u2248 2.31 hops to reach any other node in the graph. The betweenness centrality of 0.0000 indicates that this node does not lie on any shortest paths between any pairs of nodes in the network, representing 0% of all potential paths. The clustering coefficient of 0.7778 signifies that approximately 77.78% of the node's 9 neighbors are interconnected, indicating a high density of connections among its direct neighbors. The square clustering coefficient of 0.3135 reflects that about 31.35% of potential four-node cycles (squares) among the node's neighbors are closed, illustrating the extent to which neighbors are connected through paths of length two as well as direct edges.", "question": "\nQuestion: What is the activity level of this airport? Choose one of: Low, Medium, High, or Very High.\n\nAnswer:"}
{"id": 182, "pred": "Medium", "label": "Medium", "desc": "This node has direct edges to 38 out of the 398 other nodes in the network (degree centrality 0.0955 \u00d7 398 \u2248 38). Its closeness centrality of 0.4944 corresponds to a mean shortest-path distance of approximately 2.02 hops to reach any other node in the graph (1 / 0.4944 \u2248 2.02). The betweenness centrality of 0.0017 indicates this node lies on about 0.17% of all shortest paths between every other pair of nodes in the network (0.0017 \u00d7 100 = 0.17%). The clustering coefficient of 0.3912 suggests that approximately 39.1% of the node's 38 neighbors share a direct edge with one another, indicating a relatively connected local neighborhood. The square clustering coefficient of 0.2526 means that about 25.3% of potential four-node cycles (squares) formed among the node's neighbors are closed, reflecting the connections present through paths of length two in addition to direct edges.", "question": "\nQuestion: What is the activity level of this airport? Choose one of: Low, Medium, High, or Very High.\n\nAnswer:"}
{"id": 101, "pred": "Low", "label": "Low", "desc": "This node has direct edges to 41 out of the 398 other nodes in the network (degree centrality 0.1030 \u00d7 398 \u2248 41). Its closeness centrality of 0.4842 corresponds to a mean shortest-path distance of 1 / 0.4842 \u2248 2.07 hops to reach any other node in the graph. The betweenness centrality of 0.0091 indicates that this node lies on approximately 0.91% of all shortest paths between every other pair of nodes in the network. The clustering coefficient of 0.3024 means that about 30.24% of the node's 41 neighbors share direct edges with one another, creating a relatively sparse local neighborhood. The square clustering coefficient of 0.1655 indicates that 16.55% of potential four-node cycles (squares) formed by the node's neighbors are closed, reflecting a limited extent of connectivity among neighbors through paths of length two as well as direct edges.", "question": "\nQuestion: What is the activity level of this airport? Choose one of: Low, Medium, High, or Very High.\n\nAnswer:"}
{"id": 82, "pred": "Low", "label": "Low", "desc": "This node has direct edges to 101 out of the 398 other nodes in the network (degree centrality 0.2538 \u00d7 398 \u2248 101). Its closeness centrality of 0.5342 corresponds to a mean shortest-path distance of 1 / 0.5342 \u2248 1.87 hops to reach any other node in the graph. The betweenness centrality of 0.0111 indicates that this node lies on approximately 1.11% of all shortest paths between other node pairs in the network. The clustering coefficient of 0.2715 implies that about 27.15% of the node's 101 neighbors are directly connected to one another, showing a certain level of cohesiveness within its local neighborhood. The square clustering coefficient of 0.1911 indicates that 19.11% of potential four-node cycles (squares) among the node's neighbors are closed, reflecting the degree to which these neighbors are interconnected through both direct edges and paths of length two.", "question": "\nQuestion: What is the activity level of this airport? Choose one of: Low, Medium, High, or Very High.\n\nAnswer:"}
{"id": 246, "pred": "Medium", "label": "Medium", "desc": "This node has direct edges to 16 out of the 398 other nodes in the network (degree centrality 0.0402 \u00d7 398 \u2248 16). Its closeness centrality of 0.4326 translates to a mean shortest-path distance of 1 / 0.4326 \u2248 2.31 hops to reach any other node in the graph. The betweenness centrality of 0.0001 indicates that this node is part of approximately 0.01% of all shortest paths between other node pairs. The clustering coefficient of 0.5500 means that about 55.0% of the node's 16 neighbors are connected to each other, indicating a fairly cohesive local structure. The square clustering coefficient of 0.2911 reflects that 29.11% of potential four-node cycles (squares) are formed among the node's neighbors, suggesting a moderate level of indirect connectivity within the network.", "question": "\nQuestion: What is the activity level of this airport? Choose one of: Low, Medium, High, or Very High.\n\nAnswer:"}
{"id": 261, "pred": "High", "label": "Very High", "desc": "This node has direct edges to 3 out of 398 other nodes in the network (degree centrality 0.0075 \u00d7 398 \u2248 3). Its closeness centrality of 0.3648 corresponds to a mean shortest-path distance of approximately 2.743 hops to reach any other node in the graph (1 / 0.3648 \u2248 2.743). The betweenness centrality of 0.0000 indicates that this node does not lie on any shortest paths between any pairs of nodes in the network, representing 0% of the total paths. The clustering coefficient of 1.0000 signifies that all of the node's 3 neighbors are directly connected to each other, indicating a complete subgraph among them. The square clustering coefficient of 0.2545 suggests that approximately 25.45% of the potential four-node cycles (squares) that could be formed by the neighbors are closed, reflecting a moderate level of connection among the neighbors through paths of length two as well as direct edges.", "question": "\nQuestion: What is the activity level of this airport? Choose one of: Low, Medium, High, or Very High.\n\nAnswer:"}
{"id": 307, "pred": "High", "label": "High", "desc": "This node has direct edges to 9 out of the 398 other nodes in the network (degree centrality 0.0226 \u00d7 399 \u2248 9). Its closeness centrality of 0.4086 corresponds to a mean shortest-path distance of 1 / 0.4086 \u2248 2.45 hops to reach any other node in the graph. The betweenness centrality of 0.0000 indicates that this node does not lie on any shortest paths between other pairs of nodes, representing 0% of such paths. The clustering coefficient of 0.6944 suggests that approximately 69.4% of the node's 9 neighbors share a direct edge with one another, indicating a relatively high level of interconnectedness among immediate neighbors. The square clustering coefficient of 0.2683 implies that around 26.83% of potential four-node cycles involving the node's neighbors are closed, demonstrating that a significant fraction of neighbors is connected through two-step paths in addition to direct edges.", "question": "\nQuestion: What is the activity level of this airport? Choose one of: Low, Medium, High, or Very High.\n\nAnswer:"}
{"id": 291, "pred": "High", "label": "Medium", "desc": "This node has direct edges to 6 out of the 398 other nodes in the network (degree centrality 0.0151 \u00d7 398 \u2248 6). Its closeness centrality of 0.3960 corresponds to a mean shortest-path distance of 1 / 0.3960 \u2248 2.53 hops to reach any other node in the graph. The betweenness centrality of 0.0030 indicates that this node lies on approximately 0.30% of all shortest paths between every other pair of nodes. The clustering coefficient of 0.5333 indicates that about 53.33% of the node's 6 neighbors share a direct edge with one another, forming a significantly interconnected local neighborhood. The square clustering coefficient of 0.1362 measures the fraction of potential four-node cycles (squares) that are closed among the node's neighbors; here, approximately 13.62% of such cycles are present, reflecting the extent to which neighbors are connected through paths of length two in addition to direct edges.", "question": "\nQuestion: What is the activity level of this airport? Choose one of: Low, Medium, High, or Very High.\n\nAnswer:"}
{"id": 395, "pred": "High", "label": "Medium", "desc": "This node has direct edges to 4 out of the 398 other nodes in the network (degree centrality 0.0101 \u00d7 398 \u2248 4). Its closeness centrality of 0.3628 corresponds to a mean shortest-path distance of 1 / 0.3628 \u2248 2.75 hops to reach any other node in the graph. The betweenness centrality of 0.0000 indicates that this node does not lie on any of the shortest paths between any other pairs of nodes, representing 0% of all paths. The clustering coefficient of 0.5000 reveals that approximately 50.0% of the node's 4 neighbors share a direct edge with one another, denoting a moderate level of connectivity among its neighbors. The square clustering coefficient of 0.1774 shows that about 17.7% of potential four-node cycles (squares) among this node's neighbors are closed, indicating some degree of connectedness through paths of length two, although limited compared to denser neighborhoods.", "question": "\nQuestion: What is the activity level of this airport? Choose one of: Low, Medium, High, or Very High.\n\nAnswer:"}
{"id": 238, "pred": "High", "label": "Very High", "desc": "This node has direct edges to 6 out of the 398 other nodes in the network (degree centrality 0.0151 \u00d7 398 \u2248 6). Its closeness centrality of 0.4261 corresponds to a mean shortest-path distance of 1 / 0.4261 \u2248 2.34 hops to reach any other node in the graph. The betweenness centrality of 0.0000 indicates that this node lies on 0% of all shortest paths between every other pair of nodes, meaning it does not serve as a transit point for any paths in the network. The clustering coefficient of 0.9333 reveals that approximately 93.33% of the node's 6 neighbors share direct edges with one another, forming a highly interconnected local neighborhood. The square clustering coefficient of 0.3545 indicates that about 35.45% of the potential four-node cycles (squares) among the node's neighbors are closed, reflecting a moderate degree of connectivity through paths of length two among these neighbors.", "question": "\nQuestion: What is the activity level of this airport? Choose one of: Low, Medium, High, or Very High.\n\nAnswer:"}
